"类别","硬件/服务","规格要求","数量","单位","参考美元单价","美元兑人民币汇率（2026-10-09）","估算人民币单价","人民币小计","供应商","采购状态","用途与备注","估算依据/链接"
"边缘计算","NVIDIA Jetson Orin Nano Super 开发套件","8GB 开发套件；支持 JetPack / TensorRT","1","台","249","6.733","1676.52","1676.52","待定","待询价","双路视频推理；官方参考价","https://www.nvidia.com/en-au/autonomous-machines/embedded-systems/jetson-orin/nano-super-developer-kit/"
"视频采集","PoE 网络摄像头","1080p / 25fps；RTSP/ONVIF；室内固定安装","2","台","100","6.733","673.3","1346.6","待定","待询价","双视角；兼容性待实测","内部规划估算"
"网络","PoE 交换机","至少 4 口；总 PoE 功率覆盖两台摄像头","1","台","80","6.733","538.64","538.64","待定","待询价","摄像头供电与局域网","内部规划估算"
"存储","SSD 1TB","兼容边缘设备；事件缓存及日志","1","块","90","6.733","605.97","605.97","待定","待询价","容量与接口待确认","内部规划估算"
"存储","SSD 转接与散热配件","适配开发套件接口及机箱空间","1","套","30","6.733","201.99","201.99","待定","待询价","最终按兼容性选型","内部规划估算"
"供电","UPS / 小型不间断电源","为边缘设备和网络设备提供短时供电","1","台","150","6.733","1009.95","1009.95","待定","待询价","断电事件与安全关机测试","内部规划估算"
"网络","路由器 / 本地网关","千兆 LAN；独立试点网络","1","台","70","6.733","471.31","471.31","待定","待询价","隔离试点设备网络","内部规划估算"
"安装","网线、支架与安装耗材","Cat6 网线；室内固定支架；遮罩物料","2","套","30","6.733","201.99","403.98","待定","待询价","两路摄像头安装","内部规划估算"
"调试","显示器与键鼠","用于初次配置；可复用现有设备","1","套","150","6.733","1009.95","1009.95","待定","待询价","如已有库存可将数量改为 0","内部规划估算"
"告警","本地声光提示器","USB 或 GPIO 接口；与边缘设备兼容","1","个","30","6.733","201.99","201.99","待定","待询价","断网时本地提示","内部规划估算"

