"任务 ID","工作流","任务","负责人","优先级","状态","计划周次","交付物","验收标准","依赖"
"GA-01","产品与合规","确认试点场地、适用法规与授权流程","待分配","P0","未开始","W1","场地与权限清单","场地负责人签字确认；摄像头禁拍区域和告知方式明确","无"
"GA-02","产品与合规","制定数据管理与告警处置方案","待分配","P0","未开始","W1–W2","数据管理方案","明确访问角色、保留期、删除、撤回和人工复核流程","GA-01"
"GA-03","硬件与环境","完成双视角摄像头与边缘设备选型采购","待分配","P0","未开始","W1–W2","采购记录与设备清单","两路视频稳定接入；供电与接口兼容；预算获批","GA-01"
"GA-04","硬件与环境","安装摄像头并完成隐私遮罩","待分配","P0","未开始","W2","安装图与自检记录","覆盖预定活动区；禁拍区无画面；时钟同步和断流提示可用","GA-03"
"GA-05","数据","制定事件与遮挡标注规范","待分配","P0","未开始","W1–W2","标注规范 v1","含跌倒起止、非跌倒动作、轨迹、遮挡与质检规则","GA-02"
"GA-06","数据","采集并标注授权的基线样本","待分配","P0","未开始","W3–W4","样本清单与切分文件","参与者/场地隔离切分；记录授权与样本来源","GA-04, GA-05"
"GA-07","算法","建立 YOLO-Pose 与跟踪基线","待分配","P0","未开始","W3–W4","关键点推理与跟踪报告","输出关键点置信度、track_id、丢帧率和遮挡质量","GA-06"
"GA-08","算法","训练并比较 GRU 与 TCN 时序模型","待分配","P0","未开始","W5","离线评估报告","按同一测试集报告事件召回、精确率、误报/摄像头·日","GA-07"
"GA-09","算法","实现多帧确认与事件去重","待分配","P0","未开始","W5–W6","判别服务","同一事件只生成一个 event_id；阈值可配置并留版本记录","GA-08"
"GA-10","边缘部署","完成 TensorRT 部署与设备自检","待分配","P0","未开始","W5–W6","边缘镜像与性能报告","双路流稳定运行；记录 P95 时延、资源占用与故障告警","GA-03, GA-09"
"GA-11","后端告警","实现事件 API、本地队列和幂等补传","待分配","P0","未开始","W6","接口文档与服务","断网缓存后补传；重复 event_id 不重复创建告警","GA-09"
"GA-12","后端告警","实现照护端确认与通知升级","待分配","P0","未开始","W6–W7","告警工作流","待确认/已确认/误报/已处理可追溯；超时升级可测","GA-11"
"GA-13","创新研究","验证双视角遮挡融合","待分配","P1","未开始","W7","遮挡子集评估","对比单/双视角召回与误报；双视角不可判时报告盲区","GA-07, GA-09"
"GA-14","创新研究","建立步态趋势原型","待分配","P2","未开始","W7–W8","趋势原型","仅在同意样本上展示可重复测量的变化；不输出临床结论","GA-06"
"GA-15","创新研究","设计个性化行为校准与回退","待分配","P2","未开始","W7–W8","校准方案","可停用、重置、回退；验证分层漏报无明显恶化","GA-08"
"GA-16","测试验收","执行离线、断网、权限与现场测试","待分配","P0","未开始","W7–W8","测试与风险报告","逐项记录结果、缺陷与未达标原因；试点连续至少 2 周","GA-10, GA-12"
"GA-17","测试验收","冻结 Demo 验收阈值与下一阶段决策","待分配","P0","未开始","W8","验收纪要","团队确认阈值、样本规模、残余风险和是否进入下一阶段","GA-16"

